Workbook

Sheet Sheet1
B1: TỔNG CÔNG TY KHÍ VIỆT NAM - CTCP
B2: CÔNG TY CỔ PHẦN KINH DOANH LPG VIỆT NAM
A5: BẢNG TỔNG HỢP THỰC HIỆN KẾ HOẠCH AN TOÀN - CHẤT LƯỢNG - MÔI TRƯỜNG NĂM 2026
C6: KHÔNG ĐIỀN VÀO SHEET NÀY CÁC CHI NHÁNH ĐIÈN VÀO TỪNG SHEET CỦA MÌNH
A8: STT | B8: Tên đơn vị | C8: Kế hoạch năm 2026 | D8: Quý I | E8: Quý II | F8: Quý III | G8: Quý IV | H8: Lũy kế | I8: Tỉ lệ thực hiện
B9: TỔNG | C9: =+C10+C16+C22+C26+C33+C11 -> #N/A | D9: =+D10+D16+D22+D26+D33+D11 -> #N/A | E9: =+E10+E16+E22+E26+E33+E11 -> #N/A | F9: =+F10+F16+F22+F26+F33+F11 -> #N/A | G9: =+G10+G16+G22+G26+G33+G11 -> #N/A | H9: =+H10+H16+H22+H26+H33+H11 -> #N/A | I9: =+H9/C9 -> #N/A
A10: I | B10: Phòng ATCL
A11: II | B11: Các Tổng kho LPG | C11: =SUM(C12:C15) -> 0 | D11: =SUM(D12:D15) -> 0 | E11: =SUM(E12:E15) -> 0 | F11: =SUM(F12:F15) -> 0 | G11: =SUM(G12:G15) -> 0 | H11: =SUM(H12:H15) -> 0 | I11: =+H11/C11 -> #DIV/0!
A12: 1 | B12: Tổng kho LPG Miền Bắc | C12: =TKMB!D8 -> 0 | D12: =TKMB!G8 -> 0 | E12: =TKMB!H8 -> 0 | F12: =TKMB!I8 -> 0 | G12: =TKMB!J8 -> 0 | H12: =TKMB!K8 -> 0 | I12: =+H12/C12 -> #DIV/0!
A13: 2 | B13: Tổng kho LPG Hải Phòng | C13: =TKHP!D8 -> 0 | D13: =TKHP!G8 -> 0 | E13: =TKHP!H8 -> 0 | F13: =TKHP!I8 -> 0 | G13: =TKHP!J8 -> 0 | H13: =TKHP!K8 -> 0 | I13: =+H13/C13 -> #DIV/0!
A14: 3 | B14: Tổng kho LPG Bắc Trung Bộ
A15: 4 | B15: Tổng kho SPDK Đà Nẵng
A16: III | B16: Chi nhánh Miền Bắc | C16: =SUM(C17:C21) -> #N/A | D16: =SUM(D17:D21) -> #N/A | E16: =SUM(E17:E21) -> #N/A | F16: =SUM(F17:F21) -> #N/A | G16: =SUM(G17:G21) -> #N/A | H16: =SUM(H17:H21) -> #N/A | I16: =+H16/C16 -> #N/A
A17: 1 | B17: Văn phòng Hà Nội | C17: #N/A | D17: =VLOOKUP("A",CNMB!$A$8:$K$1000,7,0) -> #N/A | E17: =VLOOKUP("A",CNMB!$A$8:$K$1000,8,0) -> #N/A | F17: =VLOOKUP("A",CNMB!$A$8:$K$1000,9,0) -> #N/A | G17: =VLOOKUP("A",CNMB!$A$8:$K$1000,10,0) -> #N/A | H17: =VLOOKUP("A",CNMB!$A$8:$K$1000,11,0) -> #N/A | I17: =+H17/C17 -> #N/A
A18: 2 | B18: Trạm nạp LPG Hà Nội | C18: =VLOOKUP("B",CNMB!A$8:K$1000,4,0) -> #N/A | D18: =VLOOKUP("B",CNMB!$A$8:$K$1000,7,0) -> #N/A | E18: =VLOOKUP("B",CNMB!$A$8:$K$1000,8,0) -> #N/A | F18: =VLOOKUP("B",CNMB!$A$8:$K$1000,9,0) -> #N/A | G18: =VLOOKUP("B",CNMB!$A$8:$K$1000,10,0) -> #N/A | H18: =VLOOKUP("B",CNMB!$A$8:$K$1000,11,0) -> #N/A | I18: =+H18/C18 -> #N/A
A19: 3 | B19: Văn phòng Nam Định | C19: =VLOOKUP("C",CNMB!A$8:K$1000,4,0) -> #N/A | D19: =VLOOKUP("C",CNMB!$A$8:$K$1000,7,0) -> #N/A | E19: =VLOOKUP("C",CNMB!$A$8:$K$1000,8,0) -> #N/A | F19: =VLOOKUP("C",CNMB!$A$8:$K$1000,9,0) -> #N/A | G19: =VLOOKUP("C",CNMB!$A$8:$K$1000,10,0) -> #N/A | H19: =VLOOKUP("C",CNMB!$A$8:$K$1000,11,0) -> #N/A | I19: =+H19/C19 -> #N/A
A20: 4 | B20: Trạm nạp LPG Nam Định | C20: =VLOOKUP("D",CNMB!A$8:K$1000,4,0) -> #N/A | D20: =VLOOKUP("D",CNMB!$A$8:$K$1000,7,0) -> #N/A | E20: =VLOOKUP("D",CNMB!$A$8:$K$1000,8,0) -> #N/A | F20: =VLOOKUP("D",CNMB!$A$8:$K$1000,9,0) -> #N/A | G20: =VLOOKUP("D",CNMB!$A$8:$K$1000,10,0) -> #N/A | H20: =VLOOKUP("D",CNMB!$A$8:$K$1000,11,0) -> #N/A | I20: =+H20/C20 -> #N/A
A21: 5 | B21: Trung tâm SSKĐ Nam Định | C21: =VLOOKUP("E",CNMB!A$8:K$1000,4,0) -> #N/A | D21: =VLOOKUP("E",CNMB!$A$8:$K$1000,7,0) -> #N/A | E21: =VLOOKUP("E",CNMB!$A$8:$K$1000,8,0) -> #N/A | F21: =VLOOKUP("E",CNMB!$A$8:$K$1000,9,0) -> #N/A | G21: =VLOOKUP("E",CNMB!$A$8:$K$1000,10,0) -> #N/A | H21: =VLOOKUP("E",CNMB!$A$8:$K$1000,11,0) -> #N/A | I21: =+H21/C21 -> #N/A
A22: IV | B22: Chi nhánh Tây Bắc | C22: =SUM(C23:C25) -> #REF! | D22: =SUM(D23:D25) -> #REF! | E22: =SUM(E23:E25) -> #REF! | F22: =SUM(F23:F25) -> #REF! | G22: =SUM(G23:G25) -> #REF! | H22: =SUM(H23:H25) -> #REF! | I22: =+H22/C22 -> #REF!
A23: 1 | B23: Văn phòng Chi nhánh | C23: =+#REF! -> #REF! | D23: =+#REF! -> #REF! | E23: =+#REF! -> #REF! | F23: =+#REF! -> #REF! | G23: =+#REF! -> #REF! | H23: =+#REF! -> #REF! | I23: =+H23/C23 -> #REF!
A24: 2 | B24: Trạm nạp LPG Phú Thọ | C24: =+#REF! -> #REF! | D24: =+#REF! -> #REF! | E24: =+#REF! -> #REF! | F24: =+#REF! -> #REF! | G24: =+#REF! -> #REF! | H24: =+#REF! -> #REF! | I24: =+H24/C24 -> #REF!
A25: 3 | B25: Trạm nạp LPG Thái Nguyên | C25: =+#REF! -> #REF! | D25: =+#REF! -> #REF! | E25: =+#REF! -> #REF! | F25: =+#REF! -> #REF! | G25: =+#REF! -> #REF! | H25: =+#REF! -> #REF! | I25: =+H25/C25 -> #REF!
A26: V | B26: Chi nhánh Miền Trung | C26: =SUM(C27:C32) -> #REF! | D26: =SUM(D27:D32) -> #REF! | E26: =SUM(E27:E32) -> #REF! | F26: =SUM(F27:F32) -> #REF! | G26: =SUM(G27:G32) -> #REF! | H26: =SUM(H27:H32) -> #REF! | I26: =+H26/C26 -> #REF!
A27: 1 | B27: Trạm nạp LPG Đà Nẵng | C27: =+#REF! -> #REF! | D27: =+#REF! -> #REF! | E27: =+#REF! -> #REF! | F27: =+#REF! -> #REF! | G27: =+#REF! -> #REF! | H27: =+#REF! -> #REF! | I27: =+H27/C27 -> #REF!
A28: 2 | B28: Trung tâm SSKĐ Đà Nẵng | C28: =+#REF! -> #REF! | D28: =+#REF! -> #REF! | E28: =+#REF! -> #REF! | F28: =+#REF! -> #REF! | G28: =+#REF! -> #REF! | H28: =+#REF! -> #REF! | I28: =+H28/C28 -> #REF!
A29: 3 | B29: Chi nhánh Huế | C29: =+#REF! -> #REF! | D29: =+#REF! -> #REF! | E29: =+#REF! -> #REF! | F29: =+#REF! -> #REF! | G29: =+#REF! -> #REF! | H29: =+#REF! -> #REF! | I29: =+H29/C29 -> #REF!
A30: 4 | B30: Chi nhánh Quảng Bình | C30: =+#REF! -> #REF! | D30: =+#REF! -> #REF! | E30: =+#REF! -> #REF! | F30: =+#REF! -> #REF! | G30: =+#REF! -> #REF! | H30: =+#REF! -> #REF! | I30: =+H30/C30 -> #REF!
A31: 5 | B31: Trạm nạp LPG Hà Tĩnh | C31: =+#REF! -> #REF! | D31: =+#REF! -> #REF! | E31: =+#REF! -> #REF! | F31: =+#REF! -> #REF! | G31: =+#REF! -> #REF! | H31: =+#REF! -> #REF! | I31: =+H31/C31 -> #REF!
A32: 6 | B32: Trung tâm SSKĐ Hà Tĩnh | C32: =+#REF! -> #REF! | D32: =+#REF! -> #REF! | E32: =+#REF! -> #REF! | F32: =+#REF! -> #REF! | G32: =+#REF! -> #REF! | H32: =+#REF! -> #REF! | I32: =+H32/C32 -> #REF!
A33: VI | B33: Chi nhánh Miền Nam | C33: =SUM(C34:C37) -> #REF! | D33: =SUM(D34:D37) -> #REF! | E33: =SUM(E34:E37) -> #REF! | F33: =SUM(F34:F37) -> #REF! | G33: =SUM(G34:G37) -> #REF! | H33: =SUM(H34:H37) -> #REF! | I33: =+H33/C33 -> #REF!
A34: 1 | B34: Văn phòng Chi nhánh Miền Nam | C34: =+#REF! -> #REF! | D34: =#REF! -> #REF! | E34: =#REF! -> #REF! | F34: =#REF! -> #REF! | G34: =#REF! -> #REF! | H34: =#REF! -> #REF! | I34: =+H34/C34 -> #REF!
A35: 2 | B35: Trạm nạp LPG Bà Rịa Vũng Tàu | C35: =+#REF! -> #REF! | D35: =+#REF! -> #REF! | E35: =+#REF! -> #REF! | F35: =+#REF! -> #REF! | G35: =+#REF! -> #REF! | H35: =+#REF! -> #REF! | I35: =+H35/C35 -> #REF!
A36: 3 | B36: Trạm nạp LPG Nha Trang | C36: =+#REF! -> #REF! | D36: =+#REF! -> #REF! | E36: =+#REF! -> #REF! | F36: =+#REF! -> #REF! | G36: =+#REF! -> #REF! | H36: =+#REF! -> #REF! | I36: =+H36/C36 -> #REF!
A37: 4 | B37: Kho LPG Dung Quất | C37: =+#REF! -> #REF! | D37: =+#REF! -> #REF! | E37: =+#REF! -> #REF! | F37: =+#REF! -> #REF! | G37: =+#REF! -> #REF! | H37: =+#REF! -> #REF! | I37: =+H37/C37 -> #REF!

Sheet CNMB

Sheet TKMB

Sheet TKHP
